"FechaProducto","Aceite__Litro","Aceite__950_ml","Achiote_215_grm","Atún__Lata_140_g","Azúcar__1_Kg","Café_500grm","Dulce_Molido_kg","Dulce_Tapa_600_grm","Garbanzos_400_grm","Harina_de_Maíz(masa)__900_grm","Harina_de_Trigo__900grm","Jalea_de_Guayaba_300_grm","Jalea_de_Piña__300grm","Leche_en_polvo__1500_g","Leche_en_polvo__400_g","Leche_en_polvo__800_g","Leche_de_corta_duración__litro","Leche_UHT_semidescremada_2%__litro","Lentejas_400_grm","Miel_de_Abeja__1000_ml","Miel_de_Abeja__500_ml","Pasta_(Lengua)_250_gms","Pasta_Caracolitos_250_gms","Sal_500_grm","Salsa_de_Tomate_700_ml","Salsa_Inglesa_700_ml","Sirope_700_ml","Tortillas_de_maíz_25_unds","Arroz_8020%","Arroz_9010%","Frijol_Negro","Frijol_Rojo","Maíz_Blanco_Cascado","Bistec_de_Res_Popular","Bistec_de_Cerdo","Bistec_de_Res_Especial","Carne_de_Res_en_Trocitos,_Cubo_2x2_Pierna_de_Cuarto","Carne_Molida_de_Cerdo","Carne_Molida_Especial_de_Res_5_a_10_%_grasa","Carne_Molida_Premium_de_Res_5%_grasa_o_menos","Carne_Molida_de_Res_Corriente_no_más_15%_grasa","Cecina_de_res","Chuleta_de_cerdo_especial","Chuleta_económica_de_cerdo","Costilla_de_cerdo","Costilla_de_res","Filet_Tilapia_Importada","Filet_Tilapia_Nacional","Hueso_de_Pescuezo_de_Res","Huevos_de_Gallina_Blanco","Huevos_de_Gallina_Colorado","Mano_de_Piedra","Mondongo_limpio","Muslo","Pechuga_de_pollo_deshuesada","Pechuga","Pierna_de_cerdo_deshuesada","Pierna_de_Cerdo_con_Hueso_Entera","Pollo_entero","Pollo_limpio","Posta_de_cerdo","Posta_de_res","Punta_Solomo","Ajo","Ayote_tierno","Camote","Cebolla_Morada","Cebolla_Amarilla","Chayote_sazon","Chayote_tierno_quelite","Chile_dulce","Lechuga_Americana","Papa_Blanca","Papa_Roja","Repollo_verde","Tomate","Vainica","Yuca","Zanahoria","Zapallo","Zuchini","Aguacate_criollo","Aguacate_Hass_Importado","Aguacate_Hass_Nacional","Banano_maduro_rechazo_Exp.","Granadilla","Guineo","Mandarina","Naranja_Dulce","Papaya_criolla","Piña_grande","Piña_mediana","Plátano"
2017-12-31 18:00:00,918.385,NA,NA,NA,650,1885,1650,755,NA,1388.03,613.155,865,858,NA,2220,NA,555.315,NA,NA,4565.415,NA,NA,NA,NA,1790,NA,NA,NA,607.111111111111,721.790697674419,1041.5306122449,1207.27659574468,NA,4379.665,NA,NA,NA,NA,NA,NA,NA,NA,NA,3083.5,4213,3156.875,NA,NA,3183.75,1856,NA,NA,NA,1969.375,NA,2683.5,NA,NA,1692.5,NA,3412,4892.505,NA,NA,NA,NA,NA,NA,NA,NA,NA,NA,NA,NA,NA,NA,NA,NA,NA,NA,NA,NA,NA,NA,NA,NA,NA,NA,NA,NA,NA,NA,NA
2018-01-31 18:00:00,922.4975,NA,NA,NA,651,2155,1655,753,NA,1380.9525,621.495,770,790,NA,2237.875,NA,561,NA,NA,4613.0825,NA,NA,NA,NA,1352,NA,NA,NA,600.089552238806,716.194029850746,1044.04225352113,1217.14285714286,NA,4602,NA,NA,NA,NA,NA,NA,NA,NA,NA,3341.2,4296,3178.75,NA,NA,3181.25,1832.5,NA,NA,NA,1942.8125,NA,2794.0625,NA,NA,1701.75,NA,3429.25,4972.4575,NA,NA,NA,NA,NA,NA,NA,NA,NA,NA,NA,NA,NA,NA,NA,NA,NA,NA,NA,NA,NA,NA,NA,NA,NA,NA,NA,NA,NA,NA,NA
2018-02-28 18:00:00,932.47,NA,NA,NA,649.5,2145,1525,740,NA,1370.7025,617.465,NA,925,NA,2247.4075,NA,562.645,NA,NA,4737.5425,NA,NA,NA,NA,1352,NA,NA,NA,594.586956521739,710.5,1070.83673469388,1230.4693877551,NA,4578.75,NA,NA,NA,NA,NA,NA,NA,NA,NA,3141.75,4278,3183.125,NA,NA,3183.125,1845.5,NA,NA,NA,2082.1875,NA,2990.3125,NA,NA,1704.5,NA,3459,4972.1,NA,NA,NA,NA,NA,NA,NA,NA,NA,NA,NA,NA,NA,NA,NA,NA,NA,NA,NA,NA,NA,NA,NA,NA,NA,NA,NA,NA,NA,NA,NA
2018-03-31 18:00:00,915.584,NA,NA,NA,643,2263,1601,765,NA,1373.394,609.696,NA,NA,NA,2318.584,NA,569.4,NA,NA,4817.366,NA,NA,NA,NA,1390,NA,NA,NA,595.68115942029,714.115942028986,1073.91891891892,1220.39189189189,NA,4662.6,NA,NA,NA,NA,NA,NA,NA,NA,NA,3137.2,4237.8,3113.9,NA,NA,3202.5,1854,NA,NA,NA,2078.166,NA,2918.25,NA,NA,1713.4,NA,3355.8,5067.804,NA,NA,NA,NA,NA,1170.39772727273,NA,NA,NA,NA,1239.72972972973,NA,NA,1558.11827956989,NA,NA,NA,NA,NA,NA,4508.22916666667,2819.13461538462,692.352941176471,NA,NA,NA,NA,NA,NA,NA,NA
2018-04-30 18:00:00,917.65,NA,NA,NA,643.5,2277.53,1447.33,743.33,NA,1374.9425,616.93,900,925,NA,2335.0875,NA,558.0625,NA,NA,5009.505,NA,NA,NA,NA,1435,NA,NA,NA,596.133333333333,712.58904109589,1051.94871794872,1219.91025641026,NA,4653,NA,NA,NA,NA,NA,NA,NA,NA,NA,3158.25,4311.5,3281.25,NA,NA,3262.5,1845,NA,NA,NA,1919.375,NA,2753.75,NA,NA,1676.5,NA,3303.25,5266.83,NA,NA,NA,NA,NA,1026.8932038835,NA,NA,NA,NA,1134.27272727273,NA,NA,1125.86057692308,NA,NA,NA,NA,NA,NA,4496.45604395604,2844.4298245614,637.083333333333,NA,NA,NA,NA,NA,NA,NA,NA
2018-05-31 18:00:00,838.02,NA,NA,NA,643.5,2311,1538,758,NA,1479.535,603.53,NA,NA,NA,2437.375,NA,563.5025,NA,NA,4741.4375,NA,NA,NA,NA,1147,NA,NA,NA,595.290909090909,710.127272727273,1061.33898305085,1215.4406779661,NA,4568.875,NA,NA,NA,NA,NA,NA,NA,NA,NA,3180.75,4264.25,3274.875,NA,NA,3275,1863.75,NA,NA,NA,1760,NA,2500,NA,NA,1736.25,NA,3310.75,5146.49,NA,NA,NA,NA,NA,947.906735751295,NA,NA,NA,NA,1142.8,NA,NA,1049.87894736842,NA,NA,NA,NA,NA,NA,3957.12886597938,2801.6814159292,685.454545454545,NA,NA,NA,NA,NA,NA,NA,NA
2018-06-30 18:00:00,893.165,NA,NA,NA,644,2101,1750,778,NA,1416.065,601.045,NA,NA,NA,2492.5825,NA,565.2475,NA,NA,4761.605,NA,NA,NA,NA,1158,NA,NA,NA,596.223880597015,711.776119402985,1035.42028985507,1236.26086956522,NA,4760.5,NA,NA,NA,NA,NA,NA,NA,NA,NA,3195.75,4294,3224.5625,NA,NA,3287.5,1905.25,NA,NA,NA,1732.2925,NA,2557.345,NA,NA,1620.25,NA,3286.75,5201.4,NA,NA,NA,NA,NA,998.5,NA,NA,NA,NA,1165.73964497041,NA,NA,1333.60588235294,NA,NA,NA,NA,NA,NA,4107.2972972973,2802.34375,675,NA,NA,NA,NA,NA,NA,NA,NA
2018-07-31 18:00:00,888.144,NA,NA,NA,644.2,2243,1725,758,NA,1411.445,599.682,NA,NA,NA,2433.855,NA,558.522,NA,NA,4927.616,NA,NA,NA,NA,1643,NA,NA,NA,596.1875,711.875,1068.65217391304,1234.34782608696,NA,4667,NA,NA,NA,NA,NA,NA,NA,NA,NA,3132,4275.6,3086.5,NA,NA,3287.5,2115.8,NA,NA,NA,1806.334,NA,2728.25,NA,NA,1678,NA,3270.8,5281.688,NA,NA,NA,NA,NA,923.372093023256,NA,NA,NA,NA,1180.21794871795,NA,NA,1195.57954545455,NA,NA,NA,NA,NA,NA,4127.44871794872,2914.48979591837,673.888888888889,NA,NA,NA,NA,NA,NA,NA,NA
2018-08-31 18:00:00,865.4175,NA,NA,NA,648.25,2338,1725,764,NA,1354.4,611.405,615,NA,NA,2455.3325,NA,553.8775,NA,NA,4639.0625,NA,NA,NA,NA,1693,NA,NA,NA,594.126984126984,711.612903225806,1054.13432835821,1212.82089552239,NA,4432.875,NA,NA,NA,NA,NA,NA,NA,NA,NA,3110.75,4312.75,3064.27,NA,NA,3252.5,2071.25,NA,NA,NA,1814.0625,NA,2760.8325,NA,NA,1761.75,NA,3284,5213.4975,NA,NA,NA,NA,NA,856.363636363636,NA,NA,NA,NA,1078.32768361582,NA,NA,1207.6914893617,NA,NA,NA,NA,NA,NA,3953.43258426966,2948.94308943089,675,NA,NA,NA,NA,NA,835.425742574257,NA,NA
2018-09-30 18:00:00,840.3875,NA,NA,NA,651.5,NA,NA,NA,NA,1339.2725,606.1825,NA,NA,NA,2098.25,NA,536.935,NA,NA,4720.7125,NA,NA,NA,NA,NA,NA,NA,NA,593.923076923077,711.512820512821,1050.68674698795,1192.01204819277,NA,4557.75,NA,NA,NA,NA,NA,NA,NA,NA,NA,3133.5,4423.75,2980,NA,NA,3196.3325,2169.5,NA,NA,NA,1716.25,NA,2657.91666666667,NA,NA,1731.75,NA,3602.926,4851.335,NA,NA,NA,NA,NA,642.83185840708,NA,NA,NA,NA,964.173333333333,NA,NA,987.57268722467,NA,NA,NA,NA,NA,NA,3480.07317073171,3000.578125,NA,NA,NA,NA,NA,NA,902.019607843137,NA,NA
2018-10-31 18:00:00,856.4875,NA,NA,NA,657.2,2460,1655,758,NA,1388.142,593.73,600,NA,NA,1824.648,NA,522.134,NA,NA,4874.166,NA,NA,NA,NA,1662,NA,NA,NA,593.133333333333,709.224137931035,1050.609375,1206.953125,NA,4601.8,NA,NA,NA,NA,NA,NA,NA,NA,NA,2980.83333333333,4372.2,3662.5,NA,NA,3062.5,2180.6,NA,NA,NA,1685,NA,2703.5,NA,NA,1621.6,NA,3225.8,5018.528,NA,NA,NA,NA,NA,665.246153846154,NA,NA,NA,NA,1040.36150234742,NA,NA,1036.82464454976,NA,NA,NA,NA,NA,NA,3787.42857142857,3009.88372093023,674.2,NA,NA,NA,NA,NA,737.030487804878,NA,NA
2018-11-30 18:00:00,859.425,NA,NA,NA,657.5,2148,1673,768,NA,1421,599.42,NA,NA,NA,1803.635,NA,509.5,NA,NA,5121.165,NA,NA,NA,NA,1678,NA,NA,NA,598.473684210526,711.421052631579,1024.52631578947,1168.57894736842,NA,4606.5,NA,NA,NA,NA,NA,NA,NA,NA,NA,3170.5,4505.5,3112.5,NA,NA,3112.5,2250.5,NA,NA,NA,1706.875,NA,2491.25,NA,NA,1783,NA,3370.5,5080,NA,NA,NA,NA,NA,770.538461538462,NA,NA,NA,NA,1089.67692307692,NA,NA,1079.66917293233,NA,NA,NA,NA,NA,NA,3982.62931034483,2843.27659574468,675,NA,NA,NA,NA,NA,754.103773584906,NA,NA
2018-12-31 18:00:00,887.433333333333,NA,NA,NA,1298,2265,1693,758,NA,1419.17333333333,617.403333333333,NA,NA,NA,1980.11333333333,NA,554.126666666667,NA,NA,5326.44666666667,NA,NA,NA,NA,1655,NA,NA,NA,597.769230769231,710.871794871795,1000.5641025641,1162.38461538462,NA,4567,NA,NA,NA,NA,NA,NA,NA,NA,NA,3107.33333333333,4307,2899.16666666667,NA,NA,3100,2183,NA,NA,NA,1670,NA,2577.5,NA,NA,1784.33333333333,NA,3258.33333333333,5078.25,NA,NA,NA,NA,NA,NA,NA,NA,NA,NA,NA,NA,NA,NA,NA,NA,NA,NA,NA,NA,NA,NA,NA,NA,NA,NA,NA,NA,NA,NA,NA
2019-01-31 18:00:00,NA,921.060897435897,NA,NA,1277.28846153846,1983.18452380952,2222.8,885.681818181818,NA,1469.9625,652.825,930.648148148148,906.75,NA,2205.69166666667,NA,558.029166666667,NA,NA,5555,NA,NA,NA,NA,1582.43518518519,1947.125,780,1220.04777777778,1094.02873563218,1310.33333333333,1147.375,1260.85238095238,NA,4807.85714285714,3910.83333333333,5949.91666666667,5306.04166666667,3301.11111111111,NA,4806.59722222222,3312.5,4993.93939393939,4080.55555555556,3503.33333333333,4238.6858974359,3058.65384615385,5631.76315789474,7227.66666666667,2959.83333333333,2091.46527777778,1975.44166666667,6257.14743589744,2683.41666666667,1791.35416666667,3815.82051282051,2701.22435897436,NA,NA,1727.77777777778,2204.26282051282,3328.19444444444,NA,6537.8125,NA,NA,NA,NA,812.456923076923,NA,NA,NA,NA,1067.54666666667,NA,NA,912.480769230769,NA,NA,NA,NA,NA,3585,4037.65,4087.16666666667,96.9433333333333,NA,NA,NA,NA,NA,683.506666666667,NA,NA
2019-02-28 18:00:00,NA,911.247716894977,NA,NA,1253.875,1943.26709401709,1832.94444444444,793.141025641026,NA,1464.24198717949,654.592948717949,902.179487179487,903.429487179487,NA,2139.10737179487,NA,539.614197530864,NA,NA,5283,NA,NA,NA,NA,1584.27083333333,1988.23550724638,1059.58333333333,1212.75320512821,1093.60344827586,1309.47916666667,1149.15789473684,1265.95238095238,NA,4788.04487179487,3916.23397435897,5750.71153846154,5257.14743589744,3193.42105263158,NA,4913.6858974359,3126.66666666667,5268.6858974359,4121.47435897436,3489.35897435897,4296.3141025641,3084.58333333333,5484.07986111111,7494.16666666667,3098.87820512821,2078.95833333333,1941.12179487179,6330.49679487179,2622.40384615385,2037.59935897436,4103.77564102564,2830.52884615385,NA,NA,1808.94230769231,2371.50641025641,3367.48397435897,NA,6901.66666666667,NA,NA,NA,NA,902.564230769231,NA,NA,NA,NA,1014.43923076923,NA,NA,909.88782051282,NA,NA,NA,NA,NA,3030,3602.61205128205,3580.83333333333,93.5714285714286,NA,NA,NA,NA,NA,682.920128205128,NA,NA
2019-03-31 18:00:00,NA,925.342171717172,NA,NA,1258.29,1971.1,1756.36538461538,860.173076923077,NA,1491.495,650.473333333333,856.933333333333,859.966666666667,NA,2142.53666666667,NA,540.849358974359,NA,NA,5493.58823529412,NA,NA,NA,NA,1670.12962962963,1984.63414634146,780,1207.49,1093.91477272727,1296.01587301587,1149.89855072464,1277.09649122807,NA,4808.75,3920.53333333333,5794.35,5410.6,3175,NA,5016.25,2778.05555555556,5673.15,4181.8,3482.6,4338.16666666667,3086.23333333333,5243.55555555555,7670.6,3226.83333333333,2188.03819444444,1927.81666666667,6865.76666666667,2648.66666666667,2011.9,4491.05,2811.4,NA,NA,1872.39583333333,2353.9,3365.28333333333,NA,6403.92857142857,NA,NA,NA,NA,930.833333333333,NA,NA,NA,NA,1050.23333333333,NA,NA,1006.70333333333,NA,NA,NA,NA,NA,3383.46153846154,3420.43650793651,3659.08333333333,99,NA,NA,NA,NA,NA,692.726666666667,NA,NA
2019-04-30 18:00:00,NA,918.12216828479,NA,NA,1258.51666666667,1930.35317460317,1820.11190476191,865.585585585585,NA,1454.80119047619,659.215476190476,884.547619047619,879.404761904762,NA,2107.18095238095,NA,536.81712962963,NA,NA,5416.28888888889,NA,NA,NA,NA,1721.53153153153,1993.55319148936,895.5,1204.13333333333,1095.22126436782,1298.51724137931,1152.70945945946,1244.4012605042,NA,5235.80952380952,3995.27380952381,6030.97619047619,5642.64285714286,3169.04761904762,NA,4953.35714285714,2707.23958333333,5751,4269.87619047619,3657,4443.45952380953,3120.26190476191,5892.45024875622,7999.65053763441,3384.64285714286,2155.80555555556,1929.40714285714,6886.29901960784,3004.11904761905,2045.77380952381,4609.64285714286,2687.73809523809,NA,NA,1685.07142857143,2371.83333333333,3393.0119047619,NA,6632.60416666667,NA,NA,NA,NA,1120.44047619048,NA,NA,NA,NA,1056.70952380952,NA,NA,1056.04761904762,NA,NA,NA,NA,NA,3143.875,4066.5234375,3468.59375,95.306,NA,NA,NA,NA,NA,743.821428571429,NA,NA
2019-05-31 18:00:00,NA,924.666666666667,NA,NA,1236.5,2035.875,1724.51,837.8125,NA,1428.5875,653.84375,934.791666666667,1016.97916666667,7414.44444444445,2137.25,NA,538.4375,NA,NA,5458.33333333333,NA,NA,NA,NA,1549.10714285714,1963.5,721.111111111111,1215,1094.05555555556,1292.5,1146.96078431373,1272.91666666667,NA,5222.5,3891.75,6311.625,5381.04166666667,3600,NA,4811,2809.16666666667,5297.70833333333,4086.25,3873.33333333333,4177.25,3179.91666666667,6342.5,8689.6875,3423.02083333333,2292.29166666667,1955.29166666667,6654.0625,2892.125,1970.9375,4314.125,2580.625,NA,NA,1725,2291.25,3504.5,NA,6963.75,NA,NA,NA,NA,1208.55555555556,NA,NA,NA,NA,1118.5,NA,NA,907.333333333333,NA,NA,NA,NA,NA,3010,3766.27777777778,3740,96.3333333333333,NA,NA,NA,NA,NA,755,NA,NA
2019-06-30 18:00:00,NA,961.666666666667,NA,NA,1264.91666666667,2103.37037037037,1784.76666666667,840,NA,1447,659.125,953.194444444444,991.527777777778,7596.94444444444,NA,NA,534,NA,NA,5691.94444444444,NA,NA,NA,NA,1812.6875,1970.25,725,1228.83333333333,1094,1330,1164.72222222222,1233.61111111111,NA,5097.22222222222,3906,6393.66666666667,5579.16666666667,3566.66666666667,NA,5606.66666666667,2898.88888888889,5514.05555555556,4482.5,3994.16666666667,3892.44444444444,3281,7632.77777777778,9222.41666666667,3390.27777777778,2242.63888888889,1903.93333333333,5972.77777777778,2645.83333333333,1950.58333333333,4279.5,2859,NA,NA,1950,2377.5,3784,NA,6975,NA,NA,NA,NA,1858.16666666667,NA,NA,NA,NA,1523.91666666667,NA,NA,1486.08333333333,NA,NA,753.875,753.875,NA,3014.16666666667,3907.75,NA,90.5,NA,NA,NA,NA,NA,856,NA,NA
2019-07-31 18:00:00,NA,945,NA,NA,1268.5,2133.38888888889,1659.6,840.833333333333,NA,1464.125,659.0625,968.333333333333,957.5,7797.5,NA,NA,536.5,NA,NA,5698.33333333333,NA,NA,NA,NA,1756.5,1984.5,693.333333333333,1187,1094,1385,1182.5,1192.97619047619,NA,5446.66666666667,4224.8,6373,5504.79166666667,3650,NA,5746.66666666667,3097.5,5172.5,4482.5,4029.58333333333,4602,3276,6029.16666666667,8028.125,3433.75,2089.16666666667,2031,6446.25,2901.125,2235,4588,3090,NA,NA,2125,2491.25,3481,NA,6342.5,NA,NA,NA,NA,1792.5,NA,NA,NA,NA,1444.875,NA,NA,1239.5,NA,NA,734.625,734.625,NA,2947.5,3364.25,NA,92.83,NA,NA,NA,NA,NA,909.5,NA,NA
2019-08-31 18:00:00,NA,932.777777777778,NA,NA,1268.33333333333,2134.44444444444,1734.66666666667,837.291666666667,NA,1458.66666666667,637.875,989.444444444444,952.638888888889,7780,NA,NA,518.083333333333,NA,NA,5356.52777777778,NA,NA,NA,NA,1675.66666666667,2002,719.444444444444,1176.25,1094,1328.83333333333,1116.41025641026,1246.80555555556,NA,5495,4029.33333333333,6444.66666666667,5611.63888888889,3866.66666666667,NA,5687.5,2795,5547.5,4482.5,3996.94444444444,4652,3230.25,6472.77777777778,8582.08333333333,3431.25,2011.33333333333,1911.35,6138.33333333333,2901.08333333333,2236.25,4538,3090,NA,NA,2052.5,2452.5,3462.33333333333,NA,7470,NA,NA,NA,NA,1642.33333333333,NA,NA,NA,NA,1151.33333333333,NA,NA,984.666666666667,NA,NA,739.333333333333,739.333333333333,NA,2877.16666666667,3463.41666666667,2790,94.6666666666667,NA,NA,NA,NA,NA,848,NA,NA
2019-09-30 18:00:00,NA,926.666666666667,NA,NA,1274.5,2132.5,1705,832.738095238095,NA,1470.65625,641.6875,941.666666666667,927.1875,7711.04166666667,NA,NA,531.4375,NA,NA,5356.66666666667,NA,NA,NA,NA,1734.75,1946,718.541666666667,1199.25,1094,1348.875,1075.23188405797,1226.72222222222,NA,5464.27083333333,3971.5,6490.5,5567.6875,3475,NA,5445,2947.5,5558.25,4205.20833333333,4074.375,4602,3151.0625,6944.16666666667,7958.02083333333,3357.95833333333,1992.1875,1841.7,6281.25,2970.625,2252.5,4233.25,3067.25,NA,NA,2125,2256.04166666667,3543.25,NA,6326.66666666667,NA,NA,NA,NA,1722.75,NA,NA,NA,NA,1040,NA,NA,1110.5,NA,NA,669.5,669.5,NA,2982.91666666667,3690.89583333333,NA,96,NA,NA,NA,NA,NA,848.229166666667,NA,NA
2019-10-31 18:00:00,NA,925.625,NA,NA,1274.75,2167.94444444444,1614.8,842.013888888889,NA,1487,651.6875,950.208333333333,953.958333333333,7198.75,NA,NA,531,NA,NA,5210.41666666667,NA,NA,NA,NA,1810.25,1946.96875,685.416666666667,1189,1094,1301.625,1155.19565217391,1248.84259259259,NA,5311.25,4012.375,6583,5686.875,3550,NA,5303.75,3037.5,5685,4574.375,4152.5,4622,3443.5,6293.25,8541.04166666667,3302.1875,2042.27083333333,1732.575,6291.875,3025.375,2166.25,4218,3074.5,NA,NA,2031.25,2186.45833333333,3576,NA,7658.75,NA,NA,NA,NA,2238.45833333333,NA,NA,NA,NA,1050.72222222222,NA,NA,1128.80555555556,NA,NA,638.694444444444,638.694444444444,NA,2946.52777777778,3443.25,NA,93.9166666666667,NA,NA,NA,NA,NA,790.736111111111,NA,NA
2019-11-30 18:00:00,NA,890,NA,NA,1273,2138.26388888889,1621.5,841.25,NA,1476.6875,650.875,932.5,954.166666666667,7396.66666666667,NA,NA,543.5,NA,NA,5356.66666666667,NA,NA,NA,NA,1814,1942,710.958333333333,1187,1094,1336.75,1160.81818181818,1285.55555555556,NA,5390.83333333333,3999,6598,5733.75,3550,NA,5158,2595,5515.41666666667,4111.25,3948.33333333333,4622,3476,6082.9,8806.25,3365.625,1995.375,1716.375,6047.08333333333,2971,2122.5,4242,3052,3450,NA,2062.5,2370.41666666667,3606,5990,6750,NA,NA,NA,NA,2276.44,NA,NA,NA,NA,969.63,NA,NA,1021,NA,NA,616.44,616.44,NA,3016.67,3471.56,3490,98.67,NA,NA,NA,NA,NA,778.31,NA,NA
2019-12-31 18:00:00,NA,NA,NA,NA,1268,2057.55555555556,1750,848.333333333333,NA,1498.625,632,973.75,1021.25,7233.33333333333,NA,NA,595,NA,NA,5356.66666666667,NA,NA,NA,NA,1804,1960,721.666666666667,1210,1112.33333333333,1345,1201.66666666667,1304.16666666667,NA,5425,3830,6196,5496.25,3000,NA,5445,2695,5447.5,4221.66666666667,3965,4352,3231,6210,8608.33333333333,3413.75,1667.25,1596.4,6097.5,3018.33333333333,1993,4026,2572,NA,NA,2118.33333333333,2050,3306,NA,6750,NA,NA,NA,NA,1209,NA,NA,NA,NA,995,NA,NA,1094,NA,NA,701.25,701.25,NA,NA,3593,NA,NA,NA,NA,NA,NA,NA,821.25,NA,NA
2020-01-31 18:00:00,NA,890,NA,NA,1292.5,2118.79166666667,1821.25,839.583333333333,NA,1515.75,633,941.666666666667,960.416666666667,7599.16666666667,NA,NA,535,NA,NA,5356.66666666667,NA,NA,NA,NA,1763,1971.5,717.5,1225.375,1113.06666666667,1338.5,1124.89583333333,1234.28571428571,NA,5071.66666666667,3663,6044,5316.25,3000,NA,4345,2896.66666666667,5160,3812.5,3062.5,4148,3289,5566.66666666667,8353.33333333333,3353.33333333333,1678.16666666667,1638.75,5564,2791.5,1958,4121,2877,NA,NA,2025,2277.08333333333,3228,NA,5745,NA,NA,NA,NA,827.4,NA,NA,NA,NA,1128.5,NA,NA,1429,NA,NA,511.5625,NA,NA,2590,3223.95,NA,86.7083333333333,NA,NA,NA,NA,NA,681.5,NA,NA
2020-02-29 18:00:00,NA,1022.16666666667,NA,1808.125,1282,2069.45833333333,1757.125,841.25,715,1526,646.125,932.5,956.666666666667,7836.66666666667,NA,NA,562,NA,733.75,5455,NA,NA,NA,256.25,1731,1965,736.875,1226.625,1162.45833333333,1341.75,1159.25,1263.91025641026,NA,5124.16666666667,3665.25,6011.33333333333,5092.77777777778,3000,NA,4704.44444444445,2710.83333333333,5047.66666666667,3674.58333333333,2933.33333333333,4165.625,3161.16666666667,5383.33333333333,8391.875,3082.66666666667,1701,1718.4,5427.875,2803.875,2041.8125,3920.875,2747.75,NA,NA,1750,2130.20833333333,3287.83333333333,NA,5663.33333333333,NA,737.5,875,NA,821,523.75,181.666666666667,215,NA,1282.41666666667,NA,NA,1199,867.5,596.666666666667,530.333333333333,565,NA,NA,3774.66666666667,NA,97.6851851851852,NA,NA,NA,81.3541666666667,573.75,798.333333333333,NA,241.25
2020-03-31 18:00:00,NA,1174.33333333333,NA,1570.5,1283,2250,1691,830,756.25,1526.58333333333,697,1041.25,981.666666666667,7486.66666666667,NA,NA,741.3,NA,773.333333333333,NA,NA,NA,NA,275.25,1759,1944,703.75,1266.66666666667,1110.5,1338,1217.76041666667,1353.71180555556,NA,4857.5,3690.66666666667,5919.33333333333,5152.5,3372.5,NA,4218.75,2910,5175,3653.88888888889,3101.11111111111,4034.83333333333,3270.33333333333,5613.33333333333,8535,3184.33333333333,1581.66666666667,1727.66666666667,5391.66666666667,2839.5,1986.33333333333,4246,2865.33333333333,NA,NA,1867.77777777778,2288.33333333333,3194,NA,5500,NA,727.833333333333,809.375,NA,706.25,436.708333333333,150.166666666667,257.833333333333,NA,1226.16666666667,1231,NA,995.333333333333,1578.78888888889,577.666666666667,532.416666666667,597.847222222222,NA,2346.875,3908.75,NA,NA,NA,NA,NA,97.1333333333333,529.583333333333,803.541666666667,NA,222.597222222222
2020-04-30 18:00:00,NA,1094.25,NA,1485.46875,1278.5,2335.5,1687.25,840,752.1875,1505.375,664.125,1033.4375,982.083333333333,7525,2548,NA,571.2,NA,763.75,NA,NA,NA,NA,283.375,1760.45,1940.4,725.375,1228,1110.5,1336.8,1193.7225877193,1333.22916666667,NA,5164.89583333333,3800,5892.5,5094.5,3260,NA,4325,3004.375,5192.08333333333,3865,3302.29166666667,4118,3301.625,6423.88888888889,8675.41666666667,3088.8125,1778.375,1758,5344.89583333333,2798,1785.9375,4150.5,2881.8125,NA,NA,1940.20833333333,2154.16666666667,3169.5,NA,6052.5,NA,715.385416666667,854.75,NA,574.625,511.375,211.18125,246.0625,NA,1129.875,1341.25,NA,787.125,1584.45,528.625,558.75,595.416666666667,NA,2086.42708333333,3893.27142857143,NA,NA,NA,NA,NA,96.8,528.625,699.9375,NA,221.75
2020-05-31 18:00:00,NA,1063.5,NA,1509.75,1252.5,2261.75,1630.625,843.125,721.875,1540,643.75,1041.25,979.375,7433.33333333333,2550,NA,567.3,863.25,761.75,NA,NA,NA,NA,275.5,1635.5,1866.15,730.4375,1214.25,1115.83333333333,1339.75,1246.08522727273,1373.36166666667,NA,5194.16666666667,3663.25,6121,5165.125,2577.08333333333,NA,4428.6875,2764.6875,5185,3865,3070,4076,3530,5708.5,8733.125,3343.66666666667,1806.875,1705.9,5264.375,2697.5,1772.1875,3902.625,2892,NA,NA,1925.20833333333,2136.25,3248.125,NA,5622.5,NA,707.928571428571,877.142857142857,NA,619.285714285714,507.916666666667,271.8,274.428571428571,NA,1175.14285714286,1429.28571428571,NA,992.714285714286,1392.57142857143,567.571428571429,484.857142857143,558.369047619048,NA,2070.41666666667,3775.42857142857,NA,NA,NA,NA,NA,95.5714285714286,540.714285714286,814.72619047619,NA,234.071428571429
2020-06-30 18:00:00,NA,998.333333333333,NA,1522.08333333333,1366.25,1970,1645,855,758.333333333333,1458.33333333333,672.5,1065,1005,7800,2563.75,NA,570.833333333333,852.222222222222,770,NA,NA,NA,NA,281.25,1695,2078.33333333333,726.25,1260,1120.5,1415,1431.5625,1453.125,NA,4415,3632.5,5950,4722.5,2440,NA,4507.5,1600,NA,3583.33333333333,3045,3650,3275,NA,NA,3205,1450,1507.5,5230,2800,950,NA,2930,NA,NA,NA,NA,2916.66666666667,4950,5500,NA,679.666666666667,874,NA,986.5,512.791666666667,181.875,292.333333333333,NA,1049.33333333333,1228.75,NA,1095.5,1007.4,523.833333333333,488,495,NA,2105.625,3803,3673.33333333333,NA,NA,NA,NA,94.5,510.333333333333,840,NA,189.625
2020-07-31 18:00:00,NA,1128.92,NA,1498.025,1267.4,2343.7,1834.6,851.25,766.5,1593.39,675.2,1036.75,967.666666666667,7972,2578.25,NA,583,876,744.3,NA,NA,NA,NA,297.4,1758.75,1958.6,739.2,1216.72,1124.2962962963,1368.375,1323.75,1364.87096774194,NA,4696.83333333333,3641.4,5947.2,5176.9,2494,NA,5085.2,2868.5,5025.2,3790.33333333333,3132,3944.15,3397.3,4593.33333333333,8853.33333333333,3397.16666666667,1840.33333333333,1912.8,5507.5,2638.4,1838.7,4030.65,2901.2,NA,NA,1856.66666666667,2241.91666666667,3112.4,NA,5873,NA,733.3125,1031.6875,NA,1134.625,503.4125,158.7,245.875,NA,979,953.125,NA,933.375,861.725,543.875,882.875,551.614583333333,481.9,2131.9375,3549.8125,NA,NA,NA,NA,NA,132.975,619.71875,808.25,NA,245.25
2020-08-31 18:00:00,NA,1199.95,NA,1356.41666666667,1268.75,2310.5,1850.375,851.041666666667,761.145833333333,1628.55,674.5,1044.89583333333,954.166666666667,7891,2568.7375,NA,601.125,878.375,751.5,NA,NA,NA,NA,311,1684,1941.25,739.75,1205.0875,1122.23333333333,1420.485,1368.81365740741,1417.15398550725,NA,5183.54166666667,3767,6134.08333333333,5202,2460.41666666667,NA,5044.14583333333,2978.33333333333,5252.20833333333,3771.66666666667,3220,4059.75,3447,4654.44444444444,8937.08333333333,3690.29166666667,1650,1967,5403.25,2577.75,1848.6875,4071,2886.8125,NA,NA,2020.5,2399.27083333333,3583,5350,6042.5,NA,569.335714285714,1059.42857142857,NA,984,503.692857142857,170.807142857143,215.178571428571,NA,904.857142857143,809.285714285714,NA,884.214285714286,1181.08571428571,559.107142857143,797.75,460.702380952381,383.547619047619,2291.46428571429,3674.14285714286,NA,NA,NA,NA,NA,139.335714285714,652.428571428571,779.857142857143,NA,235
2020-09-30 18:00:00,NA,1192.95,NA,1337.41666666667,1288,2337.0625,1833.5,842.645833333333,765,1633.2,670.75,1014.375,982.8125,7453.75,2578.875,NA,596.25,893.09375,760.5,NA,NA,NA,NA,310.875,1733.75,1945.5,735.0625,1204.325,1126.08333333333,1340,1316.59539473684,1370.93181818182,NA,5308.02083333333,3780.5,6108.75,5226.83333333333,2497.16666666667,NA,5016.29166666667,3143.75,5218.5,3911.25,2887.5,4128.75,3492.5,5190,9782.25,3618.375,1650,1989.35,5570.83333333333,2602.375,1927.6875,4158.625,2944.5,NA,NA,2040.83333333333,2219.16666666667,3430.5,NA,5593.33333333333,NA,610.621428571429,1043.07142857143,NA,1091.94285714286,554.285714285714,170.95,220.142857142857,NA,963.535714285714,884.285714285714,NA,999.857142857143,1291.54285714286,588.285714285714,676.378571428571,491.714285714286,465.309523809524,2260,3616.71428571429,NA,NA,NA,NA,NA,146.828571428571,602,774.25,NA,228.571428571429
2020-10-31 18:00:00,NA,1200.6,NA,1348.15625,1295.9375,2383.9,1826.6875,801.875,768.375,1662.4,668,1002.1875,953.75,7886.66666666667,2574.5,NA,592.25,894.34375,744,NA,NA,NA,NA,292.5,1715.9375,1935.625,744.4375,1217.325,1126.86666666667,1340,1276.46296296296,1377.1875,NA,5356.97916666667,3745,6036,5215,2152.08333333333,NA,4948.3125,3603.125,5362,3806.25,2997.91666666667,4112.4375,3582,5623.25,9641.375,3622.875,1650,1959.5,5577.70833333333,2630,1876.875,4265.625,2881.5,2530,NA,2024.16666666667,2309.55555555556,3432,NA,5500,NA,630.74375,971.15625,NA,1407.5,556.916666666667,157.61875,252.65625,NA,1189.5,878.75,NA,1485.875,1406.45,658,674.5625,501.5625,525.75,2372.08333333333,3476.125,NA,NA,NA,NA,NA,144.375,596.625,766.46875,NA,249.9375
2020-11-30 18:00:00,NA,1200.3,NA,1403,1295.625,2185.5,1832.70833333333,816.666666666667,760.5,1662.2,673.625,1023.75,981.666666666667,8006.66666666667,2582,NA,599,897.75,748,NA,NA,NA,NA,320,1758.75,1895,758,1199.2,1127,1371.93333333333,1268.90625,1345.48125,NA,5219.16666666667,3728.54166666667,6000.75,5430,2116.66666666667,NA,5038.375,1933.75,5274,3873.33333333333,3050,4168.375,3635.75,7295.5,11075,3540.5,1650,2002,5445,2868.75,1881.25,3997,2937,3564.79166666667,NA,2020.83333333333,2318.75,3489.75,NA,5500,NA,661.925,1069.25,NA,1785.5,602.375,164.15,298,NA,1357,950,NA,1735,1631,657,694.5,518.333333333333,535.666666666667,2553.33333333333,3921,NA,NA,NA,NA,NA,141.1,596.25,735,NA,270
2020-12-31 18:00:00,NA,1200.6,NA,1314,1287.08333333333,2206.33333333333,1780.25,807.5,758.333333333333,1662.4,671,972.083333333333,947.222222222222,7980,2574.66666666667,NA,595,884.428571428571,771.333333333333,NA,NA,NA,NA,330,1718.66666666667,2076.33333333333,759.333333333333,1201.93333333333,1102,1363.83333333333,NA,NA,NA,5672.5,3687,6146,5425,2271.11111111111,NA,5036.38888888889,2018.33333333333,5347.5,3920,3237.22222222222,4215,3436.83333333333,7565.83333333333,9616.66666666667,3636.33333333333,1655,1961.66666666667,5749.16666666667,2639.5,1946.66666666667,3993.66666666667,2949.66666666667,NA,NA,1950,2239.86111111111,3544.66666666667,NA,6050,NA,777.25,1238.8,NA,2504.4,648.35,171.4,346.3,NA,1772.6,1402,NA,2119.6,2055.6,709.2,821.4,488.083333333333,566.7,NA,4164.125,3796,NA,NA,NA,NA,135.83,719.6,956.15,NA,290.8
2021-01-31 18:00:00,NA,1217.85,NA,1366.59375,1292,2248.5,1821,885.208333333333,753.3125,1644.025,671,981.041666666667,960,7866.25,2551.5,NA,589.25,893.09375,734.5,NA,NA,NA,NA,319.5,1761.5,2110.5,754.25,1219.9,1102,1337.5,NA,NA,NA,4951.875,3853.5,6250.25,5431.25,2308.33333333333,NA,5272.29166666667,2477.63888888889,5418.125,3885,2941.25,4209.4375,3564,6863.54166666667,10066.875,3763.75,1800,1926.975,5706.25,2644.125,1853.875,4209,2971.5625,NA,NA,2095.10416666667,2241.25,3620,4570,5643.33333333333,NA,766,1261.66666666667,NA,2515,636.166666666667,172.408333333333,352.666666666667,NA,1802,1508.33333333333,NA,1344.83333333333,1921,667,851.166666666667,505.972222222222,580.25,NA,4088.33333333333,NA,NA,NA,NA,NA,129.966666666667,744.333333333333,930.333333333333,NA,287.666666666667
2021-02-28 18:00:00,NA,1189.53333333333,NA,1314.75,1287,2277.08333333333,1848,800,766.75,1576.53333333333,670,1000.83333333333,958.333333333333,7913.33333333333,2557,NA,589.166666666667,895,770,NA,NA,NA,NA,312,1731,2020.66666666667,748.25,1192.71666666667,1102,1316.875,NA,NA,NA,6007.5,3908,6391,5490.55555555556,2116.66666666667,NA,5249.16666666667,2219.16666666667,5395.33333333333,3841.66666666667,3048,4289.58333333333,3661.66666666667,6788.66666666667,10175,3848,1666.66666666667,1910.66666666667,5748.61111111111,2551.33333333333,1830,4268,3067,NA,NA,2095.66666666667,2188.88888888889,3682.66666666667,NA,6100,NA,776.666666666667,1252.33333333333,NA,2009.33333333333,690.972222222222,174.858333333333,322,NA,1339.08333333333,1343.88888888889,NA,955.666666666667,1790.16666666667,667.833333333333,872.166666666667,493.472222222222,553.083333333333,2900,4033.33333333333,NA,NA,NA,NA,NA,124.766666666667,647,848.333333333333,NA,294.3
2021-03-31 18:00:00,NA,1270.1,NA,1323.0625,1282.25,2295.625,1807.25,864.833333333333,764.25,1604.3,688,1049.0625,967.5,7844.375,2556.6875,NA,584,884.75,789.75,NA,NA,NA,NA,321.375,1651,2012,741.75,1228.80833333333,1102,1335.04166666667,NA,NA,NA,5720.125,4090.5,6418.875,5547.5,2210.41666666667,NA,5477.5,2441.66666666667,5663,3906.25,3137.5,4498,3901.66666666667,5456.29166666667,9931.25,4019.375,1700,1949.5,5937.5,2495.5,1785.625,4169.875,3078,NA,NA,2186.25,2783.75,3725.5,NA,6100,NA,711.78125,1181.875,NA,1371.5,633.229166666667,172.36875,329,NA,983.25,894.375,NA,937.875,1772.75,708.28125,838.3125,489.6875,537.53125,2900,4129.64583333333,NA,NA,NA,NA,NA,116.85,635.1875,810.25,NA,287.5
2021-04-30 18:00:00,NA,1263.86666666667,NA,1338.83333333333,1282.33333333333,2227,1808,854.722222222222,764.25,1659.05555555556,687,1064.16666666667,927.5,7652.5,2548.66666666667,NA,585.666666666667,884.666666666667,761.333333333333,NA,NA,NA,NA,319.5,1620.66666666667,2005.33333333333,761.833333333333,1243.63333333333,1105.25,1316.52777777778,NA,NA,NA,5730,4103.33333333333,6524.58333333333,5214.16666666667,2205.55555555556,NA,5314.44444444444,2630,5719.33333333333,3911.66666666667,3366.38888888889,4480.5,3929.33333333333,4996.66666666667,9925,4137.77777777778,1700,1948,5975,2415.33333333333,1783.33333333333,4217,3075.66666666667,NA,NA,2117.77777777778,2837.5,3838.66666666667,NA,6100,NA,718.944444444444,1113.5,NA,1185.33333333333,571.388888888889,172.766666666667,318,NA,1063,862.777777777778,NA,1018.66666666667,1730.33333333333,727.916666666667,945.166666666667,562.986111111111,527.333333333333,2635,4297.33333333333,NA,NA,NA,NA,NA,125.133333333333,726,817.666666666667,NA,269
2021-05-31 18:00:00,NA,1538.18,NA,1362.805,1284.6,2224.2,1817.2,852.666666666667,775.55,1668.2,699.45,1061.5,926.25,8018.75,2538.6,NA,588.32,953.225,802.8,NA,NA,NA,NA,312,1618.6,1980.8,770,1247.22,1102,1319.75,NA,NA,NA,5456.33333333333,4151.6,6685.6,5788.5,2334,NA,5718,2503,6123.1,4074,3316.83333333333,4478,4043.6,5053.33333333333,9445,4131.76666666667,1700,1935.2,6062.16666666667,2336.4,1871.4,4398,3212.2,NA,NA,2081,2463.91666666667,3839,NA,5650,NA,751,1230.2,NA,1370.95,588.125,183.155,329.8,NA,968,821.75,NA,1188.95,1666,737.6,761.85,530.725,500.9,2468.13333333333,4606.68333333333,NA,NA,NA,NA,NA,132.66,735.2,819,NA,282
2021-06-30 18:00:00,NA,1920,NA,1398.25,1290,2232.4375,1826,856.875,786.875,1823.0125,707,1043.125,969.583333333333,8015.3125,2553.75,NA,588.625,941.75,804.5,NA,NA,NA,NA,322,1651.5625,2028.25,776.125,1308.0625,1102,1318.85,NA,NA,NA,5846.5,4087.5,6646.5,6080.625,2440,NA,5937.5,3465.625,6123,3965,3336.875,4481.125,3995.275,5440,10293.75,4153.125,1700,1929.75,6215,2441,1895,4534.95,3367,NA,NA,2184.33333333333,2599.79166666667,3716,NA,6183.33333333333,NA,742.5,1264.25,NA,1523.6,574.375,173.16875,354.5,NA,893.6875,845.677083333333,NA,1079.45,1633.5,681.5,776.375,523.4375,472.3125,2382.29166666667,4040.9375,NA,NA,NA,NA,NA,136.275,743.5,840.5,NA,292.375
2021-07-31 18:00:00,NA,1969.2,NA,1370.1,1298.2,2167.96,1878.3,810.666666666667,787.5,1781.90666666667,731.92,1041.5,967.333333333333,8035.15,2548.6,NA,588.1,928.94,810.53,NA,NA,NA,NA,322,1572.4,1988.4,785,1317,1102,1326.78205128205,NA,NA,NA,5562.2,4179.16,6791.8,5937.5,2385,NA,5987,3533.75,6168.06,3963,3327,4514.66,3971.22,5756.83333333333,9795,4114.16666666667,1698.4,1987.2,6267.66666666667,2243.3,1906.8,4542.36,3474.4,NA,NA,2279.1,2369.25,3819.5,NA,6225,NA,733.125,1312.5,NA,1199.0625,602.760416666667,191.225,289.2375,NA,984.5,870.260416666667,NA,985.25,1572.5625,629.2875,646.135416666667,526.197916666667,458.65625,2285.83333333333,3717.31875,NA,NA,NA,NA,NA,137.86875,670.6875,794.28125,NA,302.775
2021-08-31 18:00:00,NA,1969,NA,1375.5,1296.5,2360.9375,1848,865,788.75,1792.65,751.25,1050,948.333333333333,8213.75,2615.8,NA,607.8625,938.8,764.583333333333,NA,NA,NA,NA,361.3125,1586,1998.75,803.75,1314.5,1205.375,1443.07142857143,NA,NA,NA,5789.5,4175.5,6990.25,6237.5,2191.33333333333,NA,6082.5,3057.08333333333,6274.5,4048.33333333333,3398.54166666667,4565.375,4066.125,6129.5,8518.75,4111.16666666667,1830,1944.4375,6384.16666666667,2273.5,1926.5,4542.5,3521,NA,NA,2225.55555555556,2427.60416666667,3700.25,NA,7816.66666666667,NA,709.571428571429,1082.64285714286,NA,948.214285714286,574.047619047619,178.071428571429,256.085714285714,NA,896.285714285714,1219.40476190476,NA,1056.78571428571,1696.28571428571,543.228571428572,508.880952380952,486.428571428571,475.952380952381,2147.85714285714,3417.42857142857,NA,85.4583333333333,NA,NA,NA,127.457142857143,622.923809523809,796.357142857143,NA,256.835714285714
2021-09-30 18:00:00,NA,1954,NA,1383.25,1300.41666666667,2312.47222222222,1874.9,860,790,1794.5,754.5,1046.5,935,8213.75,2603.8,NA,610.05,956.5,800.5,NA,NA,NA,NA,333.333333333333,1604.3,1981.9,818.5,1291,1205.66666666667,1442.77777777778,NA,NA,NA,5979,4195.125,6880.5,6158.75,2347.91666666667,NA,6029.73333333333,4290.16666666667,6090.75,4077.08333333333,3532.5,4826.625,4169.875,5600.25,9131.25,4224.375,1700,1929.8,6579.16666666667,2285.875,1951,4678,3367,NA,NA,2312.5,2533.85416666667,3851.875,6524,7683.33333333333,NA,652,1011.28571428571,NA,864.714285714286,522.107142857143,164.257142857143,259,NA,889.333333333333,788.571428571429,NA,1138.78571428571,1765.85714285714,536.857142857143,507.857142857143,496.142857142857,498.571428571429,2052.97619047619,3337.57142857143,3840,76.65,NA,NA,NA,126.671428571429,609.857142857143,776.940476190476,NA,239
2021-10-31 18:00:00,NA,1959,NA,1360,1296,1997.5,1877.9,860,801.458333333333,1937.2,838,1067.5,950,8137.5,2583.5,NA,601.25,927.5,809.791666666667,NA,NA,NA,NA,361,1597,2108.5,841.5,1301.875,1205.66666666667,1443,NA,NA,NA,6121.6,4260,7101.2,6345.2,2383.33333333333,NA,5983.16,4437.6,6466.4,4249.33333333333,3519,4823.6,4240.4,6700,8850,4467.8,1740,2090.4,6613.33333333333,2342,1974.36,4762,3483.4,4300,NA,2475,2634.83333333333,3935.2,6459.6,7823.33333333333,NA,652,1013.33333333333,NA,974.166666666667,495.833333333333,159.9,279.333333333333,NA,1012.33333333333,925.833333333333,NA,1232.63333333333,1481,555.333333333333,511,502.083333333333,490,2631.11111111111,3639.59722222222,3418.66666666667,65.0583333333333,NA,NA,NA,129.316666666667,632.833333333333,767.958333333333,NA,278.166666666667
2021-11-30 18:00:00,NA,1955,NA,1385.8125,1300,2113.8,1846,860,788.333333333333,1969.95,858,1117.5,1155,8227.5,2601.9,NA,611.75,936.25,812.375,NA,NA,NA,NA,362.375,1608,2123,838,1342,1204.66666666667,1451.08333333333,NA,NA,NA,6422.66666666667,4686,7380,6542.83333333333,2383.33333333333,NA,6222.66666666667,4470,6599.93333333333,4281.11111111111,3642.5,4974,4389.26666666667,6929.33333333333,9316.66666666667,4628.6,1750,2118,6761.11111111111,2354,2062,5052.66666666667,3694.33333333333,4466.66666666667,NA,2465,2681.66666666667,4091.33333333333,6599.93333333333,7900,NA,634.958333333333,1048.83333333333,NA,1119.76666666667,501.875,168.941666666667,272.5,NA,1111.41666666667,991.833333333333,NA,1230.66666666667,1279.19444444444,641.75,707.25,520.833333333333,493.416666666667,3251.30555555556,3741,NA,62.1166666666667,NA,NA,NA,129.291666666667,625.933333333333,743.833333333333,NA,305.333333333333
2021-12-31 18:00:00,NA,1987,NA,1435.33333333333,1353.8,2236.86666666667,1855.33333333333,873.333333333333,790,1933.6,858.444444444444,1117.5,1155,8327.5,2599.13333333333,NA,608.708333333333,931.666666666667,808.333333333333,NA,NA,NA,NA,366.333333333333,1615.66666666667,2183,838,1334,1205.66666666667,1439.75,NA,NA,NA,6669,4659.5,7479,6598,2383.33333333333,NA,6347.5,4516,6597.45,4441.66666666667,3673.95833333333,5003,4391.35,7094,9550,4635.8,1750,2098.5,6816.66666666667,2334,2070.5,5231.5,3761.5,4400,NA,NA,2638.54166666667,4025,6625.45,7975,NA,602.166666666667,1051.58333333333,NA,1338.76666666667,487.708333333333,179.9111111225,293.833333333333,NA,1234.1,1187.5,NA,963.708333333333,1493.36111111111,709.541666666667,770,579.375,559.333333333333,3365.27777777778,3901.47222222222,4041.66666666667,58.9166666666667,NA,NA,NA,130.279166666667,682.233333333333,760.833333333333,NA,343.125
2022-01-31 18:00:00,NA,2016,NA,1519,1375,2434.5,1898,900,790,1928,846,1147.5,1199.16666666667,9467.5,2800.1,NA,640,1023.25,807,NA,NA,NA,NA,367,1617,2245,838,1334,1206.11111111111,1450.58333333333,NA,NA,NA,6750,4756,7658,6668,2383.33333333333,NA,6446.5,4698,6856,4480,3735.33333333333,5066,4561,6848.8,9880,4641.8,1752,2116.6,6858.75,2314,2058.8,5320,3771,NA,NA,NA,2576.16666666667,4368,6863.6,8050,NA,644.074074074074,992,NA,1341.55555555556,488.75,195.044444444444,289,NA,1259.94444444444,1198.24074074074,NA,977.611111111111,1831.55555555556,891.055555555556,791.333333333333,611.851851851852,611,3857.91666666667,4572.14814814815,NA,63.1722222222222,NA,NA,NA,136.711111111111,703.788888888889,731.25,NA,364.388888888889
2022-02-28 18:00:00,NA,1972.875,NA,1509.5,1394,2587.5,1992.25,900,791.25,1972,837.5,1147.5,1196.66666666667,9742.5,2739,NA,637.5,996.5,810.375,NA,NA,NA,NA,363,1640.5,2197,826,1347,1235.25,1478.16666666667,NA,NA,NA,6844,4778.5,7755.5,6669.25,2381.25,NA,6483,4700.5,6902,4533.33333333333,3814.16666666667,5110.5,4607.5,6795.85,10403.5,4626.8,1750,2147.125,6882.5,2319,2072.625,5308,3778,4300,NA,NA,2677.53333333333,4388.125,6908,8062.5,NA,704.111111111111,1000.72222222222,NA,1114.77777777778,492.037037037037,221.592592592593,305.533333333333,NA,1172.16666666667,1299.21296296296,NA,1028.32222222222,1999.11111111111,870,833.851851851852,611.25,647.361111111111,3752.77777777778,4802.30555555556,NA,63.5069444444444,NA,NA,NA,141.706481481481,643.888888888889,798.75,NA,337.561111111111
2022-03-31 18:00:00,NA,2519,NA,1517.5,1388,2865,2002,920,791.25,2066,933,1195,1230,9742.5,2784,NA,634.5,1014,821,NA,NA,NA,NA,365,2048,2197,838,1394,1264,1516.25,NA,NA,NA,6887.26666666667,4783.33333333333,7967.93333333333,6673,2383.33333333333,NA,6508,4776.46666666667,7021.33333333333,4605.33333333333,3905.55555555556,5148,4542,6712.4,10403.5,4487.86666666667,1750,2132,6910,2334,2046,5324.66666666667,3795.66666666667,NA,NA,NA,2707,4409.86666666667,7021.33333333333,8100,NA,704,998,NA,982.666666666667,488.75,196.875,314.166666666667,NA,1101.46666666667,1344.72222222222,NA,955.75,1927,838.666666666667,823.083333333333,617.875,632,4004.72222222222,4724.74166666667,NA,62.2916666666667,NA,NA,NA,135.5,602,813.75,NA,341.333333333333
2022-04-30 18:00:00,NA,2950.91666666667,NA,1523.625,1397,3040.93333333333,2002,920,791.25,2212,986.6,1255,1310,9830,2866,NA,655.5,1047.33333333333,821,NA,NA,NA,NA,367.666666666667,2030.33333333333,2280.66666666667,856.666666666667,1430,1264,1522.5,NA,NA,NA,6921.6,4680,8042,6697,2383.33333333333,NA,6598,4817.96,7075.84,4581.93333333333,3904,5142,4394.4,6775.96,10363.5,4427.92,1750,2132,6910,2340.7,2015.8,5243.8,3867.2,NA,NA,NA,2734.8,4368.68,7075.84,7786.66666666667,NA,706.666666666667,993.555555555556,NA,891.477777777778,488.75,168.283333333333,306.555555555556,NA,1053.84444444444,1181.11111111111,NA,1320.33333333333,1940,666.111111111111,657.027777777778,611.527777777778,610,3987.25,4531.62222222222,NA,62.4,NA,NA,NA,125.777777777778,623.111111111111,797.083333333333,NA,301.888888888889
2022-05-31 18:00:00,NA,3653,NA,1601,1400.25,3133.8,2002,901.666666666667,791.25,2197.375,996.8,1255,1310,10250,3078.5,NA,677.09375,1099,817.75,NA,NA,NA,NA,378.875,1992,2376.5,860.5,1430,1264,1511.5,NA,NA,NA,6933.5,4601.25,8484,6820.5,2480,NA,6745.5,4973.75,7288.5,4608.33333333333,3634.58333333333,5213,4318,6849.425,10180.5,4460.4375,1762.5,2143.5,7085,2350.25,2104.5,5433.5,4019.5,NA,NA,NA,2873.5,4179,7273.5,7817.5,NA,673.111111111111,973.333333333333,NA,1110.66666666667,496.527777777778,167.888888888889,338.222222222222,NA,1201.75555555556,1239.25925925926,NA,1582.35555555556,2119.27777777778,797.466666666667,645.083333333333,610.694444444444,567.055555555556,3250.12037037037,4500.87037037037,4887.5,66,NA,81.1666666666667,NA,122.940740740741,739.222222222222,818.333333333333,NA,296.333333333333
2022-06-30 18:00:00,NA,4014,NA,1589.875,1429.75,3141.8,1999.5,920,815,2175.75,1049,1255,1310,10418.75,3080,NA,674.6875,1093.75,863.4375,NA,NA,NA,NA,404.5,1906.625,2380,840,1440,1264,1511.5,NA,NA,NA,7055.5,4744,8463,6968,2874.16666666667,NA,6878,4908.75,7520,4696.66666666667,3735,5387,4460.75,7016.60416666667,9718,4405.6875,1800,2170,7331.875,2373,2024.5,5456,4076,NA,NA,NA,2917,4145,7505,7928.33333333333,NA,785.125,978.75,NA,1748.5,515.614583333333,210.9,476.875,NA,1657.125,1627.08333333333,NA,2391.75,2270.875,761.85,660.53125,642.291666666667,643.375,3912.55208333333,4255.41666666667,4492.14285714286,68.8,NA,81.9583333333333,NA,127.375,930,843.75,NA,334.5
2022-07-31 18:00:00,NA,3912.8,NA,1579.8,1415,3518.90495495495,1899.6,920,911,2169.6,1084.2,1255,1310,10397.6666666667,3079.4,NA,675.9,1094.1,1029.83333333333,NA,NA,NA,NA,410.2,1966.76,2432,836.7,1444.2,1264,1511.16666666667,1573.33333333333,1598.4375,920.944444444444,7251.8,4850,8834,7044,3013.33333333333,6586,7017.06666666667,5244.4,7578.4,4720,3779,5464,4512.4,6621.45,9692,4485.2,1850,2184,7777,2406,2080.8,5508,4114,NA,NA,NA,2949.35,4176,7578.4,8093.33333333333,NA,819.1,971,NA,1918.32,552.5,282.94,545.2,491.9375,1868.8,1685.33333333333,873.5375,2411.42,2352.3,828.98,749.625,656.75,663.8,3429.9,4153,4375.625,71.06,NA,76.25,NA,129.74,992,843.75,NA,327
2022-08-31 18:00:00,NA,3824,NA,1580,1413.5,3534.93611111111,1874,920,950,2295.15,1111,1328.75,1383.33333333333,10485,3075,NA,676,1088.875,1053.75,NA,NA,NA,NA,408,2023.7,2471,858,1570.25,1264,1511.5,1600,1632.5,863.333333333333,7110.5,4910,8914,7103,3013.33333333333,6591,7263.33333333333,5221,7723,4900,3800,5444.5,4599,7055.5,9692,4513,2206.25,2265.5,7975.625,2556,2135,5610,4091.25,NA,NA,NA,2969,4550,7723,8113.33333333333,NA,824.5,967.75,NA,2119.875,563.75,295.55,472.25,441.1875,2062.125,1940.41666666667,898.09375,1447.375,2151.1125,863.9,792.59375,586.25,575,3076.875,3948.4375,4465,71.15,NA,72.9375,NA,130.1875,938.25,846.875,NA,318
2022-09-30 18:00:00,NA,3772.25,NA,1569.7,1415.25,3612.06898148148,1874,920,925,2328.8,1032.6,1335,1383.33333333333,10547.5,3085.25,NA,673.375,1091.875,1048.4375,NA,NA,NA,NA,397.5,2053.2,2529,858,1614,1261.16666666667,1514,1637.5,1618.75,881,7115,4894.5,8928,7108,3013.33333333333,6606,7288.33333333333,5338,7728,4900,3800,5500,4707.5,6953.875,10009.25,4548,2350,2409,7997.5,2598,2085.5,5681,4161.5,NA,NA,NA,2995.5,4661,7728,8113.33333333333,NA,695,992,NA,1840,563.125,319.525,508.125,459,2473,2388.95833333333,1069.7625,1151.75,2023.8125,798.5,933.71875,591.25,554.5,3211,4085.04166666667,4245,70.225,NA,73.25,NA,132.3,938.65,832.1875,NA,311.125
2022-10-31 18:00:00,NA,3803.5,1217.83,1535.8,1394,3646.06814814815,1942.8,885.333333333333,916.666666666667,2320.8,1095.8,1335,1383.33333333333,10672,3068.4,NA,659.4,1090.9,1046.66666666667,NA,3542,701,696,399.2,2050.6,2584.4,862.4,1597.2,1255.4,1514,1650,1620.55555555556,944,6966.8,4808,8316,6997.6,3013.33333333333,6347.6,7263.33333333333,5296,7630,4966.66666666667,3920,5556,4671.2,6370.45,9692,4328,2350,2566.4,7987.5,2570,2082,5779.2,4149.6,4650,4962.5,NA,2966.2,4696.8,7630,8140,2987.5,640.222222222222,1282.77777777778,1981.25,1585.55555555556,563.75,291.466666666667,545.4,452.333333333333,2437.22222222222,2273.33333333333,1254.55555555556,1525.88888888889,2096.44444444444,805.222222222222,1219.11111111111,642.916666666667,629.111111111111,2923.42592592593,3692.88888888889,3503.14814814815,70.1555555555556,NA,74,200,145.555555555556,996.377777777778,824.814814814815,NA,341.222222222222
2022-11-30 18:00:00,NA,2866.25,1219.23333333333,1523,1392.66666666667,3675.09382716049,1922,905.555555555556,925,2278.93333333333,1067,1335,1373.88888888889,NA,3062.66666666667,NA,656.333333333333,1084.5,1022.5,6000,3542,693,696,401.333333333333,2105,2576,868,1572.66666666667,1248.55555555556,1512.33333333333,1608.33333333333,1645,944,7031.33333333333,4588,8024.66666666667,6894.66666666667,3013.33333333333,6308,6911.11111111111,5318,7618,4963.33333333333,3950,5525.33333333333,4712,6234.83333333333,NA,4338,2450,2839.66666666667,7960,2598,2087.33333333333,5504,4146.66666666667,5114.44444444445,4966.66666666667,NA,2956.33333333333,4437.33333333333,7618,8057.77777777778,3386,659,1360,2607.41666666667,1978.04166666667,576.25,278.166666666667,566.5,470,2106,2048.23333333333,1133,1969.83333333333,2257.33333333333,784,1342.8,720,624.666666666667,2698.75,3823,3065.55555555556,70.0333333333333,NA,70.6666666666667,199.166666666667,137.066666666667,1033,814.791666666667,NA,347.666666666667
2022-12-31 18:00:00,NA,2777.75,1204.83333333333,1586.2,1430.6,3663.16740740741,1880.8,920,918,2240.94,1062.4,1335,1371.33333333333,10695.3333333333,3052,5580.16666666667,655,1117.1,1015.7,5960,3533.1,690.2,699.4,431.28,2117.88,2555.8,867.6,1557.6,1251,1512.33333333333,1606.66666666667,1645,944,7016.4,4602,8046,7155,3007.33333333333,6495,6813.33333333333,5321.2,7564,4963.33333333333,3935,5406,4625.6,5835.3,9692,4508.7,2500,2901,7947.5,2718,2077.2,5685.6,4089.5,5305.33333333333,4950,NA,2958.2,4310,7564,7760,3326.88888888889,659,1413.33333333333,2326.44444444444,2346.44444444444,547.777777777778,240.222222222222,509.555555555556,471.666666666667,2255,2207.77777777778,1061.77777777778,2028.55555555556,1814.17777777778,821.888888888889,1166.33333333333,610.277777777778,609.111111111111,2573.24074074074,3658.05555555556,2704.07407407407,69.6666666666667,249.375,79.5555555555556,212.592592592593,129.666666666667,1167.77777777778,887.5,753.75,344.777777777778
2023-01-31 18:00:00,NA,3206.66666666667,1103.33333333333,1559.16666666667,1458.66666666667,3649.14074074074,1882,920,918,2272.8,1063.33333333333,1201.25,1245,10428.3333333333,3116.33333333333,5533.77777777778,687.133333333333,1130.5,955.833333333333,5975,3542,677,691,440.6,1875.86666666667,2299.33333333333,898,1554.66666666667,1242.70833333333,1512.33333333333,1613.33333333333,1750.75,944,7466,4687.33333333333,8138,7162.5,3406.66666666667,6526.66666666667,6796.66666666667,5269.33333333333,7486,4940,3991.66666666667,5378,4489.33333333333,4709,10358.1666666667,4780.83333333333,2500,2901,7972.5,2940.66666666667,2101.33333333333,5772,4073.33333333333,NA,NA,NA,2943,4362.66666666667,7486,7768.88888888889,3656.57142857143,661.107142857143,1403.42857142857,2096.57142857143,2376.77142857143,512.142857142857,216.171428571429,456.857142857143,496.428571428571,2321.46428571429,2203.80952380952,847.857142857143,1289.14285714286,1634.68571428571,870.714285714286,1010.35714285714,586.964285714286,569.571428571429,2754.58333333333,3640.5,3120,70.6,243.333333333333,80,176.845238095238,137.085714285714,987.714285714286,960.714285714286,725.714285714286,357.428571428571
2023-02-28 18:00:00,NA,2832.95833333333,1097.33333333333,1548.875,1476.8,3658.84074074074,1870.4,845.333333333333,919.4,2242.8,1102.2,1200.75,1263,10321,3133,5671,703.34,1133.52,940,5975,3563.2,683,692.8,439.8,1850,2399.6,901.08,1565.2,1221.1,1504.75,1780,1791.3,927.2,7218.4,5084.8,8072,7210,3406.66666666667,6421.75,6796.66666666667,5256.8,7482,4915.66666666667,3930,5340,4573.6,4851.33333333333,10555.2,4764.5,2500,2901,7910,3020,2082.4,5635.6,3893.6,NA,NA,NA,2812.6,4234.8,7482,7780,3613.4,702.7,1408.05,2080.3,2037.625,530.25,198.145,393.525,506.275,1879.775,1882,613.175,1564.53,1865.45,856.975,806.525,680,715.75,2561.25,3520.1,2995,70.825,243.333333333333,81.16,238,131.205,621.975,885,725.666666666667,351.13
2023-03-31 18:00:00,NA,2553.33333333333,1110,1544,1471,3646.24197530864,1881.66666666667,820,922.666666666667,2312.13333333333,1045,1212.5,1306.66666666667,10345,3134.58333333333,5646,705.375,1130.16666666667,943.333333333333,5925,3572,687,692.666666666667,424.9,1808.86666666667,2350.66666666667,890.8,1570.66666666667,1217.5,1513.5,1800,1775,888,7339.33333333333,5088.66666666667,8158,7148,3366.66666666667,6422.83333333333,6796.66666666667,5408.66666666667,7454,4641.11111111111,3650,5275.33333333333,4837.33333333333,4851.33333333333,10522.5,4781.66666666667,2500,2901,7910,3034,2121.33333333333,5295.33333333333,3844,NA,NA,NA,2857,4284,7454,7530,3524.66666666667,723,1416,2068,1725.83333333333,532.5,206.2,424.083333333333,546.625,2217,1989.16666666667,603,1220.23333333333,1999.33333333333,820,810.5,695,751.333333333333,2378.88888888889,3261.75,NA,69.7666666666667,243.611111111111,81.3333333333333,275,130.166666666667,517.166666666667,950.833333333333,725,325.333333333333
2023-04-30 18:00:00,NA,2444.25,1117.95,1525,1465,3650.37444444444,1995.2,813.333333333333,925,2319.14,1044.6,1212.5,1309.33333333333,10350,3110.32,5643.6,699.275,1130.8,945,5975,3572,688,673.2,472.93,1744.2,2276,896,1570.4,1217.5,1513.5,1660,1775,944,7009.2,5030.4,7950,7052,3406.66666666667,6293.6,6756.66666666667,5407.6,7419.6,4636.66666666667,3439,5173.2,4765.2,4851.33333333333,10517.9,4751,2500,2519.4,7802.5,2988,2153.2,5531.6,3911.6,NA,NA,NA,2947,3902,7419.6,7530,3356,714,1364.66,2068,1644.9,526.5,176.76,456,465.425,2358.4,2091.16666666667,580.825,1032.8,1831.6,714.4,786.65,686,742.8,2242.66666666667,3026,NA,69.42,243.333333333333,80.16,275,126.08,560,903,731,308.6
2023-05-31 18:00:00,NA,NA,NA,NA,NA,NA,NA,NA,NA,NA,NA,NA,NA,NA,NA,NA,NA,NA,NA,NA,NA,NA,NA,NA,NA,NA,NA,NA,NA,NA,NA,NA,NA,NA,NA,NA,NA,NA,NA,NA,NA,NA,NA,NA,NA,NA,NA,NA,NA,NA,NA,NA,NA,NA,NA,NA,NA,NA,NA,NA,NA,NA,NA,NA,NA,NA,NA,NA,NA,NA,NA,NA,NA,NA,NA,NA,NA,NA,NA,NA,NA,NA,NA,NA,NA,NA,NA,NA,NA,NA,NA,NA,NA
2023-06-30 18:00:00,NA,NA,NA,NA,NA,NA,NA,NA,NA,NA,NA,NA,NA,NA,NA,NA,NA,NA,NA,NA,NA,NA,NA,NA,NA,NA,NA,NA,NA,NA,NA,NA,NA,NA,NA,NA,NA,NA,NA,NA,NA,NA,NA,NA,NA,NA,NA,NA,NA,NA,NA,NA,NA,NA,NA,NA,NA,NA,NA,NA,NA,NA,NA,NA,NA,NA,NA,NA,NA,NA,NA,NA,NA,NA,NA,NA,NA,NA,NA,NA,NA,NA,NA,NA,NA,NA,NA,NA,NA,NA,NA,NA,NA
2023-07-31 18:00:00,NA,NA,NA,NA,NA,NA,NA,NA,NA,NA,NA,NA,NA,NA,NA,NA,NA,NA,NA,NA,NA,NA,NA,NA,NA,NA,NA,NA,NA,NA,NA,NA,NA,NA,NA,NA,NA,NA,NA,NA,NA,NA,NA,NA,NA,NA,NA,NA,NA,NA,NA,NA,NA,NA,NA,NA,NA,NA,NA,NA,NA,NA,NA,NA,NA,NA,NA,NA,NA,NA,NA,NA,NA,NA,NA,NA,NA,NA,NA,NA,NA,NA,NA,NA,NA,NA,NA,NA,NA,NA,NA,NA,NA
2023-08-31 18:00:00,NA,NA,NA,NA,NA,NA,NA,NA,NA,NA,NA,NA,NA,NA,NA,NA,NA,NA,NA,NA,NA,NA,NA,NA,NA,NA,NA,NA,NA,NA,NA,NA,NA,NA,NA,NA,NA,NA,NA,NA,NA,NA,NA,NA,NA,NA,NA,NA,NA,NA,NA,NA,NA,NA,NA,NA,NA,NA,NA,NA,NA,NA,NA,NA,NA,NA,NA,NA,NA,NA,NA,NA,NA,NA,NA,NA,NA,NA,NA,NA,NA,NA,NA,NA,NA,NA,NA,NA,NA,NA,NA,NA,NA
2023-09-30 18:00:00,NA,NA,NA,NA,NA,NA,NA,NA,NA,NA,NA,NA,NA,NA,NA,NA,NA,NA,NA,NA,NA,NA,NA,NA,NA,NA,NA,NA,NA,NA,NA,NA,NA,NA,NA,NA,NA,NA,NA,NA,NA,NA,NA,NA,NA,NA,NA,NA,NA,NA,NA,NA,NA,NA,NA,NA,NA,NA,NA,NA,NA,NA,NA,NA,NA,NA,NA,NA,NA,NA,NA,NA,NA,NA,NA,NA,NA,NA,NA,NA,NA,NA,NA,NA,NA,NA,NA,NA,NA,NA,NA,NA,NA
2023-10-31 18:00:00,NA,NA,NA,NA,NA,NA,NA,NA,NA,NA,NA,NA,NA,NA,NA,NA,NA,NA,NA,NA,NA,NA,NA,NA,NA,NA,NA,NA,NA,NA,NA,NA,NA,NA,NA,NA,NA,NA,NA,NA,NA,NA,NA,NA,NA,NA,NA,NA,NA,NA,NA,NA,NA,NA,NA,NA,NA,NA,NA,NA,NA,NA,NA,NA,NA,NA,NA,NA,NA,NA,NA,NA,NA,NA,NA,NA,NA,NA,NA,NA,NA,NA,NA,NA,NA,NA,NA,NA,NA,NA,NA,NA,NA
2023-11-30 18:00:00,NA,NA,NA,NA,NA,NA,NA,NA,NA,NA,NA,NA,NA,NA,NA,NA,NA,NA,NA,NA,NA,NA,NA,NA,NA,NA,NA,NA,NA,NA,NA,NA,NA,NA,NA,NA,NA,NA,NA,NA,NA,NA,NA,NA,NA,NA,NA,NA,NA,NA,NA,NA,NA,NA,NA,NA,NA,NA,NA,NA,NA,NA,NA,NA,NA,NA,NA,NA,NA,NA,NA,NA,NA,NA,NA,NA,NA,NA,NA,NA,NA,NA,NA,NA,NA,NA,NA,NA,NA,NA,NA,NA,NA
